title,description
SCR REGISTRATO,"Efetuei um pagamento do meu cartão de crédito da nubank financeira ,parcelamento está em dia ,negativação foi retirada do SPC..."
Problema com o resgate de fundos de investimento,"Bom dia, estou desde 11 de setembro tentando solucionar um problema com a Nubank.Não tenho acesso ao valor preso ..."
Compras desconhecidas no cartão de débito,"Em contato com a empresa nubank, foi relatado um [Editado pelo Reclame Aqui] em meu cartão de débito onde foram realizadas 3 ..."
Contestei uma compra e a Nubank bloqueou meu cartão mas manteve a compra,Fiz um pagamento pra Sky em 5X com cartão virtual. Paguei 2 parcelas e constatei que cai num [Editado pelo Reclame Aqui]. Abr...
Alterar vencimento da Fatura,"Prezados, bom dia.Tentei alterar o vencimento da fatura através do aplicativo e também através dos canais de aten..."
AUMENTO DE LIMITE NO CARTÃO DE CRÉDITO,"Olá, Estou tentando aumento de limite no meu cartão NuBank, mais sem sucesso, estou com todas minhas contas em di..."
Venda de fundos imobiliários BTHF11,"Estou tentando a mais de 1 mês realizar a vendas das minhas cotas do fundo imobiliário BTHF11 e não consigo, toda hora fica a..."
Cobrança da fatura na data errada,"Repetiram duas cobranças em fevereiro dias 27 e 28 que já foram pagas, na fatura de março. Além de terem cobrado nos dias i..."
COBRANÇA DE Uber INDEVIDA,Boa tarde! Tive 3 débitos em minha conta corrente que aparecem como Uber *Uber* Trip Help. Meu cartão está comigo e não fiz n...
Cartão de crédito cancelado,Olá quando fiquei desempregado infelizmente não dei conta de pagar meu cartão de crédito. voltei a trabalhar depois de alguns...
AUMENTO DE LIMITE NO CARTÃO DE CRÉDITO,"Olá, Estou tentando aumento de limite no meu cartão NuBank, mais sem sucesso, estou com todas minhas contas em di..."
Venda de fundos imobiliários BTHF11,"Estou tentando a mais de 1 mês realizar a vendas das minhas cotas do fundo imobiliário BTHF11 e não consigo, toda hora fica a..."
Cobrança da fatura na data errada,"Repetiram duas cobranças em fevereiro dias 27 e 28 que já foram pagas, na fatura de março. Além de terem cobrado nos dias i..."
COBRANÇA DE Uber INDEVIDA,Boa tarde! Tive 3 débitos em minha conta corrente que aparecem como Uber *Uber* Trip Help. Meu cartão está comigo e não fiz n...
Cartão de crédito cancelado,Olá quando fiquei desempregado infelizmente não dei conta de pagar meu cartão de crédito. voltei a trabalhar depois de alguns...
Redução do limite sem motivo,"Já sou cliente do banco, faz alguns anos e sempre paguei a fatura do cartão corretamente. Meu limite nunca foi muito alto, ma..."
4 meses esperando o cartão,Sempre tive admiração pelo Nubank. Mas esse sentimento vem sendo trocando por uma grande frustração. Vi que meu cartão estava...
Por que o Nubank parou de registrar sua fatura no DDA?,"Cada dia pior, Acredito que o Nubank parou de registrar suas cobranças, como consequência, seus boletos não entram mais no ..."
Consta limite mas não está disponível para uso,"Pago minhas faturas corretamente, valor total e em dias. Quando quero usar o limite, tanto o do cartão quanto o adicional que..."
Encerraram minha conta,"No dia 27/03 fui fazer um pagamento de um valor meio alto, quando tentei fazer minha conta foi bloqueada e em seguida cancel..."
Retirada de marcação,Uma pessoa me fez um pix do nubenk para minha conta inter o mesmo foi contestado. Porém eu provei ao inter que o pix era lega...
Empréstimo saque aniversário,Solicitei na última segunda feira um empréstimo através do nubank na modalidade do adiantamento do saque aniversário do fgts....
Cancelamento de conta,"Utilizo nubank ha anos, sempre movimentei valores altos, investi e deixei meus dados cadastrados. Hoje apos minha mae m..."
Falta de Transparência: Nubank Não Envia Faturas com Detalhamento das Taxas de Juros!,"É um absurdo! Estou há mais de quatro dias tentando, sem sucesso, emitir minhas faturas do período de 2021 até junho de 2024,..."
Minha conta foi bloqueada!,"Ontem fui ao mercado na hora de pagar no débito porque tenho dinheiro na minha conta Nubank, o cartão não passou deu que minh..."
Crédito pré aprovado inativo,"Crédito pré-aprovado que pede o mesmo extrato que eles já têm do titular da conta (não precisava), e que só coloca um campo o..."
COBRANÇA INEXISTENTE,Há meses venho recebendo mensalmente a cobrança de uma fatura que não existe. Não tenho nenhuma pendência ou compromisso fina...
ligações execivas,Estou sufocada com tantas ligações de cobrança. Já está me causando crises de ansiedade. Já falei pra empresa que assim que e...
Limite disponível invisível,"Olá vcs são uma farça o fiz um acordo quitei, o cartão aparece com limite disponível tenta efetuar o pagamento da não autoriz..."
Pagamento da fatura não consta,"Realizei o pagamento de parte da fatura do próximo mês, o dinheiro foi debitado da minha conta, mas o pagamento não consta na..."
Eu gostaria de reativar o meu cartão pois eu tive uma conta atrasada da minha fatura só que eu já paguei tudo está tudo quitado então eu gostaria de reativar pra mim poder usar o meu limite,Eu gostaria após meu cartão ser cancelado eu gostaria de reativar por trás de fatura mas já está tudo quitado está tudo em di...
Alguém fez uma compra de 10 reías no meu cartão virtual.,"Hoje, acordei pela manhã e recebi uma notificação de que alguém, às 5:40 da manhã, chamado SBR fez uma compra no crédito de 1..."
Juros indevido,"Observei que há uma multa de atraso de fatura, porém já tinha pago a minha fatura no dia do vencimento e o sistema não contab..."
Redução de limite,"Mês de dezembro para janeiro apguri a fatura é para minha surpresa não obtive o retorno do crédito, esse mês em especificame..."
Informe Rendimentos de 2024,"Hoje é dia 28/02/2025, o informe rendimentos de 2024 ainda não chegou no aplicativo, só aparece o de 2023."
Cartão adicional,"Prezados, Emiti um cartão adicional em nome da minha mãe de 89 anos. Acontece que no cadastro do apli..."
Solicito que retire meu nome do registrado uma vez que fiz o pagamento dos meus valores,Fiz o pagamento do valor mais meu nome ainda esta no registrado solicito que retire urgentemente por favor
Divida,"Estou com uma divida ativa com o nubank e tenho uma oferta para acertar essa pendência. No atual cenário econômico, não tenho..."
Cartão crédito,"No mês de janeiro um atendente do banco nubank no chat, me falou que se eu pagasse 5 reais do cartão de crédito ele seria des..."
Nubank,"O mesmo não aumentar meu limite já faz 5 meses q permanece o mesmo, todo mês tem análise e disse q vai continuar o mesmo val..."
[Editado pelo Reclame Aqui],"Caí em um [Editado pelo Reclame Aqui] de anúncio de Facebook, o [Editado pelo Reclame Aqui] está recendo os pagamentos no ban..."
Me [Editado pelo Reclame Aqui] na cara,Paguei minha fatura e simplesmente ficou uma valor de fatura utilizei e o mesmo está mostrando outro valor de limite a menos ...
Cartão de crédito cancelado,"Paguei minha fatura com juros pq atrasei e cancelaram já tem mas de 1 ano ,usava a nubank pra tudo mas cancelaram meu crédito..."
Negativação indevida,"Realizei o pagamento da minha divida junto a banco, a vista através de um acordo pela app que o próprio banco geral, porém o ..."
Não recebi e-mail de confirmação,Troquei de aparelho celular e tentei configurar minha conta no novo. Preenchi minhas informações e recebi a mensagem de que e...
Reativar cartão de crédito,"Olá meu cartão está cancelado mas sou um ótimo cliente todas as faturas pagas, recentemente recebi um e-mail para ativação d..."
Banco me empresta meu proprio dinheiro e cobra juros abusivos,"Apliquei uma quantia em um CDB,tendo esta como limite de gastos e como https://*******,porem,que o Banco simplesmente no dia ..."
[Editado pelo Reclame Aqui] pix,"Prezados,Escrevo para relatar um incidente de [Editado pelo Reclame Aqui] ocorrido recentemente em uma transação ..."
Cancelamento renegociação de fatura,"Fiz uma renegociação de parcelamento de fatura , mas me arrependi. O atendente disse que não posso cancelar , mas segundo o a..."
Nome no banco central,"Olha eu atrasei minha conta, meu cartão foi cancelado, e desde então não paguei pois fiquei desempregado, então cancelaram me..."
Pagamento da fatura não consta,"Realizei o pagamento de parte da fatura do próximo mês, o dinheiro foi debitado da minha conta, mas o pagamento não consta na..."
Eu gostaria de reativar o meu cartão pois eu tive uma conta atrasada da minha fatura só que eu já paguei tudo está tudo quitado então eu gostaria de reativar pra mim poder usar o meu limite,Eu gostaria após meu cartão ser cancelado eu gostaria de reativar por trás de fatura mas já está tudo quitado está tudo em di...
Alguém fez uma compra de 10 reías no meu cartão virtual.,"Hoje, acordei pela manhã e recebi uma notificação de que alguém, às 5:40 da manhã, chamado SBR fez uma compra no crédito de 1..."
Juros indevido,"Observei que há uma multa de atraso de fatura, porém já tinha pago a minha fatura no dia do vencimento e o sistema não contab..."
Redução de limite,"Mês de dezembro para janeiro apguri a fatura é para minha surpresa não obtive o retorno do crédito, esse mês em especificame..."
Informe Rendimentos de 2024,"Hoje é dia 28/02/2025, o informe rendimentos de 2024 ainda não chegou no aplicativo, só aparece o de 2023."
Cartão adicional,"Prezados, Emiti um cartão adicional em nome da minha mãe de 89 anos. Acontece que no cadastro do apli..."
Solicito que retire meu nome do registrado uma vez que fiz o pagamento dos meus valores,Fiz o pagamento do valor mais meu nome ainda esta no registrado solicito que retire urgentemente por favor
Divida,"Estou com uma divida ativa com o nubank e tenho uma oferta para acertar essa pendência. No atual cenário econômico, não tenho..."
Cartão crédito,"No mês de janeiro um atendente do banco nubank no chat, me falou que se eu pagasse 5 reais do cartão de crédito ele seria des..."
Reativar cartão de crédito,"Cancelei meu cartão por motivos pessoais, mais agora gostaria de reativar e resgatar meu limite de crédito, já tentei uma nov..."
Nubank aumentar meu limite,"Nubank,sempre que possível acho que poucas vezes ocorreu pago tudo no prazo uso meu limite (que ja é pouco pelo o que eu ganh..."
Meu cartão está cancelado mesmo com a fatura paga,Então meu cartão de crédito foi cancelado após a demora do pagamento
Tempo de espera para ser aceito,"Sou cliente nubank a bastante, tenho vários investimentos na conta, por causa disso solicitei o ultravioleta a bastante tempo..."
Funcionário despreparado contestou uma compra sem autorização e me prejudicou,Boa noite. No dia 11 abri um chamado aqui reclamando que vocês não tinham tirado o valor da minha fatura que a Amazon já tinh...
BLOQUEIO INDEVIDO DE CONTA,"Hoje 27/02/2025 a NUBANK bloqueou minha conta pessoa física, estou no exterior e preciso pagar conta de hotel e infelizmente ..."
Bloqueio de segurança nubank,eu emito notas fiscais presto serviços para bancos pago meus impostos em dia tudo comprovado com contratos e darfs dentro da ...
Capital de giro difícil de ser contratado.,"Hoje eu fui abrir minha conta PJ no Sicredi e mesmo demorando um pouco pra abir por ser cooperativa, já foi me falado da poss..."
Limite congelado,Na pandemia acabei que por forças maiores não conseguindo efetuar o pagamento da minha fatura da nubank mas no dia 23 de outu...
Preciso entrar num acordo para finalizar meus débitos no desenrola Brasil. Porém já tentei e eles dizem que não existe pendências eu sei que eu devo porém não consegui negociar. No momento não estou trabalhando pq cuido da minha mãe ela teve um AVC.,Eles não querem negociar dividas comigo preciso de ajuda. Por favor. Qro meu nome https://******* restrições
Funcionário despreparado contestou uma compra sem autorização e me prejudicou,Boa noite. No dia 11 abri um chamado aqui reclamando que vocês não tinham tirado o valor da minha fatura que a Amazon já tinh...
BLOQUEIO INDEVIDO DE CONTA,"Hoje 27/02/2025 a NUBANK bloqueou minha conta pessoa física, estou no exterior e preciso pagar conta de hotel e infelizmente ..."
Bloqueio de segurança nubank,eu emito notas fiscais presto serviços para bancos pago meus impostos em dia tudo comprovado com contratos e darfs dentro da ...
Capital de giro difícil de ser contratado.,"Hoje eu fui abrir minha conta PJ no Sicredi e mesmo demorando um pouco pra abir por ser cooperativa, já foi me falado da poss..."
Limite congelado,Na pandemia acabei que por forças maiores não conseguindo efetuar o pagamento da minha fatura da nubank mas no dia 23 de outu...
Preciso entrar num acordo para finalizar meus débitos no desenrola Brasil. Porém já tentei e eles dizem que não existe pendências eu sei que eu devo porém não consegui negociar. No momento não estou trabalhando pq cuido da minha mãe ela teve um AVC.,Eles não querem negociar dividas comigo preciso de ajuda. Por favor. Qro meu nome https://******* restrições
Juros de mais,Atrasei a conta dois dias já me colocaram um juros absurdo . Não tem facilifade nem uma pro cliente
"Estorno de pix, retido","Hoje, dia 27/02/2025, eu peguei um empréstimo na função pix, pois precisava pagar um compromisso que fiz na reforma do meu so..."
Agendamento para pagar boleto,"Iniciei um pagamento para um boleto no app do nubank. Conferir todos os dados, tudo ok. No final para confirmar o pagamento, ..."
Dúvida!!!,"Olá, eu gostaria de criar uma conta no Nubank, sou maior de idade, porém, quando fui tentar fazer uma conta dizem que fui apr..."
Dúvida!!!,"Olá, eu gostaria de criar uma conta no Nubank, sou maior de idade, porém, quando fui tentar fazer uma conta dizem que fui apr..."
Nubank Cancelou Meu Seguro de Vida Sem Aviso!,"Tenho um seguro de vida contratado no Nubank desde 2021 e, sem qualquer aviso prévio, ele foi cancelado no dia 25/02/2025. Se..."
Comprovante de Rendimentos 2024 - Nuinvest,"Era cliente da antiga Nuinvest, e optei por não abrir conta na Nubank, e portanto migrei investimentos.No entanto, nece..."
LIMITE NÃO AUMENTA,"Faz muito tempo que meu limite permanece congelado, sem aumento, mesmo depois de eu ter enviado meu contracheque. Eu sou serv..."
Tentei cancelar o empréstimo em menos de 24 horas e não deixaram,Tentei cancelar o empréstimo do Nubank Em menos 24h00 o empréstimo que eu não fiz Porém fiz a reclamação Eles falaram que ia ...
Falta de análise,"Assunto: Solicitação de Análise para Crédito PessoalOlá, equipe Nubank, tudo bem?Sou cliente de vocês..."
Sumiço de dinheiro do saldo da conta,"Agora no mês de fevereiro de 2025, notei que está faltando R$ 25,25 na minha conta, sem que haja algum lançamento negativo qu..."
Cartão de crédito,Oi boa noite poderia reativar meu cartão de crédito
Bloquearam minha conta sem motivos,"Fui usar minha conta e deu erro na transferência pix , depois tentei um novo pagamento que também deu erroEntrei em con..."
Cancelaram minha conta após uma contestação,"Vamos lá, fizeram uma contestação na minha conta, o serviço foi prestado, eu tenho o comprovante tudo certinho, até entrei em..."
Dúvida!!!,"Olá, eu gostaria de criar uma conta no Nubank, sou maior de idade, porém, quando fui tentar fazer uma conta dizem que fui apr..."
Nubank Cancelou Meu Seguro de Vida Sem Aviso!,"Tenho um seguro de vida contratado no Nubank desde 2021 e, sem qualquer aviso prévio, ele foi cancelado no dia 25/02/2025. Se..."
Comprovante de Rendimentos 2024 - Nuinvest,"Era cliente da antiga Nuinvest, e optei por não abrir conta na Nubank, e portanto migrei investimentos.No entanto, nece..."
LIMITE NÃO AUMENTA,"Faz muito tempo que meu limite permanece congelado, sem aumento, mesmo depois de eu ter enviado meu contracheque. Eu sou serv..."
Tentei cancelar o empréstimo em menos de 24 horas e não deixaram,Tentei cancelar o empréstimo do Nubank Em menos 24h00 o empréstimo que eu não fiz Porém fiz a reclamação Eles falaram que ia ...
Falta de análise,"Assunto: Solicitação de Análise para Crédito PessoalOlá, equipe Nubank, tudo bem?Sou cliente de vocês..."
Sumiço de dinheiro do saldo da conta,"Agora no mês de fevereiro de 2025, notei que está faltando R$ 25,25 na minha conta, sem que haja algum lançamento negativo qu..."
Cartão de crédito,Oi boa noite poderia reativar meu cartão de crédito
Bloquearam minha conta sem motivos,"Fui usar minha conta e deu erro na transferência pix , depois tentei um novo pagamento que também deu erroEntrei em con..."
Cancelaram minha conta após uma contestação,"Vamos lá, fizeram uma contestação na minha conta, o serviço foi prestado, eu tenho o comprovante tudo certinho, até entrei em..."
Sumiço de dinheiro do saldo da conta,"Agora no mês de fevereiro de 2025, notei que está faltando R$ 25,25 na minha conta, sem que haja algum lançamento negativo qu..."
Cartão de crédito,Oi boa noite poderia reativar meu cartão de crédito
Bloquearam minha conta sem motivos,"Fui usar minha conta e deu erro na transferência pix , depois tentei um novo pagamento que também deu erroEntrei em con..."
Cancelaram minha conta após uma contestação,"Vamos lá, fizeram uma contestação na minha conta, o serviço foi prestado, eu tenho o comprovante tudo certinho, até entrei em..."
TENTEI REALIZAR SAQUE E NÃO SAIU,Boa noite. Tentei realizar um saque de R$900 reais e as cédulas não saíram entrei em contato com a nubank e informaram que nã...
Cobrança inadequada,"No mês de janeiro, realizei duas compras no site da Shein, e ambas foram canceladas pela própria empresa, com o reembolso sen..."
[Editado pelo Reclame Aqui] no Cartão Virtual - Compra [Editado pelo Reclame Aqui],Estou tentando cancelar uma compra no meu cartão de crédito virtual que foi [Editado pelo Reclame Aqui]. Entrei em contato vi...
Não consigo finalizar meu cadastro,Olá pessoal como vai?Ja tentei algumas vezes utilizar o Nubank mas nunca consigo finalizar o cadastro sempre diz que va...
Reclamação sobre Bloqueio Judicial e Dificuldade de Comunicação com o Setor Jurídico,"Prezados,Venho por meio deste expressar minha insatisfação em relação ao bloqueio judicial em minha conta no NUBA..."
Reativação de crédito,"Paguei minha dívida, continuo movimentando muito a minha conta e ainda não consegui reativar o meu cartão de crédito"
Retido meu investimento,tenho uma caixinha no nubank para Emergência Resgate imediato bloquearam o meu Resgate alegando que eu tenho empréstimos a v...
Empréstimo,"Olá me chamo *******, possuo conta no banco nubank há um bom tempo, e não disponibilizam empréstimo para mim. Estou enviando..."
Não dão nem alimento de limite e nem empréstimo mas,A meses . não alimenta o limite de cartão de crédito . e nem dao empréstimo . pago tudo direitinho. E ate agora nada já tem m...
Cartão virtual clonado,"Na data de 24/02/2025 recebi uma notificação de compra no aplicativo Nubank na loja Electrolux no valor R$9.706,80. Oco..."
Cartão de crédito cancelado,"Gostaria. novamente de usar o meu cartão de crédito, sou um bom cliente pago todas as minhas faturas, gostaria de ativar o me..."
Não consigo acessar minha conta da Nubank!,"Troquei de aparelho celular. Baixei o aplicativo no novo aparelho, fiz o login e confirmei no e-mail a autenticidade do login..."
Pix no cartão de crédito,"Não reconheço Um Pix Feito Com Meu Cartão De Crédito No Valor De 900 Reais , Para Vanessa dos Santos pereira Não Fui E..."
Unificação das Faturas,Me programei para pagar a fatura de fevereiro de 2025 como sempre paguei. Mas quando fui pagar o valor que já sabia que seria...
Reembolso,"Fiz uma compra que não chegou na shein,pedi o reembolso e dizem que já foi reembolsado.Já fiz a reclamação com eles e u..."
[Editado pelo Reclame Aqui] PIX NUBANK PARA OUTRA INSTITUIÇÃO.,"Foi efetuado 3 Pix da minha conta , para outras instituições financeiras durante a madrugada no valor total de 2270 reais . P..."
[Editado pelo Reclame Aqui] PIX NUBANK PARA OUTRA INSTITUIÇÃO.,"Foi efetuado 3 Pix da minha conta , para outras instituições financeiras durante a madrugada no valor total de 2270 reais . P..."
Comunicado de Falecimento,Estamos tentando contato com o Nubank desde Janeiro para comunicar o falecimento da minha sogra e encerrar a conta junto ao N...
Cartão de crédito cancelado,"Olá boa noite, sou cliente nubank a alguns anos e nunca tive problema com vocês, infelizmente fiz uma dívida no cartão e não ..."
"Pedir o resgate no valor de 270, 06 do tesouro IPCA 2035 e após 24 horas não caiu nada na minha conta.","Olá venho aqui no RA pleitar o reembolso no valor de 270,06 , referente o pedido de resgate do tesouro IPCA 2035, pois no apl..."
Renegociação de dívida,"Solicito, por favor, ajuda para negociar minha dívida. Não consigo contato com a central e preciso resolver essa pendência ur..."
"Pedido feito na 99 ,na qual a motorista não compareceu e finalizou a viagem ,a viagem foi descontada no meu cartão nubank.","No dia 25/02/2025 ,precisei pedir uma viagem na 99 para ir do hotel o de eu tava com minha mulher ,até a rodoviária de Manau..."
Apelo pela reativação da minha conta e do cartão de crédito,"A um tempo venho tendo problemas com minha conta e cartão. Tive minha conta [Editado pelo Reclame Aqui], e depois de anos con..."
Preciso cancelar negociação de cartão,Vai fazer 4 meses que estou sem salário devido ao acidente de trabalho no mês de dezembro a empresa me pagou certinho os prim...
Cartão de crédito cancelado,"Boa noite, eu passei por um momento que não consegui pagar as parcelas do cartão e acabou acumulando, porém eu paguei o acord..."
Cartão de crédito cancelado sem querer.,Olá nubank gostaria de fazer uma reclamação em relação ao meu cartão de crédito que foi cancelado por pedido meu em 2022 por ...
Marcia Alves do Nascimento,Estou muito triste porque conta do cancelamento do meu cartão de crédito tive um atendimento com o nubank falaram que era irr...
Cobranças incansáveis de desconhecida,"Nas últimas semanas venho recebendo com frequência ligações do Nubank. Eles procuram uma tal de ""Ingrid"" para cobra..."
Cair em um [Editado pelo Reclame Aqui],"Entrei em um link do tiktok,bom o dinheiro só cairia na minha conta se despositasse tal quantia.Peguei e depositei,mais..."
[Editado pelo Reclame Aqui] na laser fast,"Em novembro, optei por um pacote da Laser Fast devido às condições favoráveis oferecidas em parceria com a Nubank, que incluí..."
Juros abusivo,Fui parcelar minha fatura do cartão e a nubank está cobrando um juros muito alto.
Juros abusivo,Usei o limite do cartão tive q parcelar estão cobrando muito juros quero reparcelar minha dívida com os juros corretos
"Pagamento em atraso, porém débito automático ativo",Recebi um e-mail da Nubank no dia 27 de fevereiro notificando que minha fatura do período de 24/02 estava em rotativo ou em a...
Fiz acordo no app e o banco tá cobrando saldo negativo,"Fiz o acordo de 2 parcelas e a nubank jogou saldo negativo no valor das parcelas então ternamente a conta dobra de valor, pfv..."
Cancelamento da Conta do Nu bank e Nu invest corretora de valores,"Prezado senhor,Solicito o cancelamento da conta do NuBank da conta NU Investa no Relatório de Contas e Relaciona..."
Difamação,"Primeiro a Nubank cancelou minha conta sem nenhuma explicação, não enviou meu saldo em conta pra outra conta que já enviei d..."
Cobrança indevida,"No dia 22/2, fiz uma compra na loja soneda da Paulista. A caixa passou meu cartão nubank crédito duas vezes e a máquina acuso..."
Cancelamento e reembolso,"Contratei um seguro pro celular , o celular acabou quebrando não acionei o seguro comprei outro aparelho tentei cancelar o se..."
Conta bloqueada,"Bom fiz uma reclamação de uma contestação sobre compra no cartão de crédito, e com isso vocês bloquearam a minha conta e nunc..."
"PAGUEI A FATURA ADIANTADO, NAO ABATERAM NA FATURA A VENCER","Estava com minha conta Nubank EM DIA. NADA ATRASADO.A próxima fatura, a fechar no dia 26/janeiro e a vencer dia 03/Fev..."
Estorno / cobrança de valores duplicado / mal atendimento,Ha meses problemas com nubank cansada de entra em contato e nunca resolver nada estes atendentes mal preparados Fatura ...
Cartão de crédito com cobrança indevida,"Ha alguns meses que recebo em minha fatura do cartão de crédito,uma cobrança no valor de 39,99 a qual a única informação é o ..."
Renegociação,"Estou com uma dívida no cartão que ainda não negativou meu cpf, entrei em contato com o Nubank á um tempo atrás para ..."
Cobrança indevida,Recebi um intimação de Serasa no valor de 1208.60 sendo que não tenho conta em Nubank não USP cartão de crédito eu vou procur...
Pix e transação que foi feito errado,"Boa noite ,fiz uma transação para uma conta bancária por erro meu que não existe mais e não ganhei nenhum suporte da parte da..."
"Não consigo acessar minha conta, reconhecimento facial fica borrado","Troquei de celular faz pouco tempo e transferi todos meus app para o novo, depois disso nao consegui mais entrar no aplicativ..."
Demora de Abertura de conta PJ,Serei breve! Mais de um mês esperando a empresa Nubank aprovar uma abertura conta PJ? Cheio de desculpas que depende de anál...
Juros altos em empréstimo e dificuldade em renegociar.,Estava passando por um momento de dificuldade financeira e fiz empréstimo de 8 mil reais com o intuito de desafogar as divida...
Juros,"Tenho um empréstimo, um valor bem pequeno. Mas atrasei, fiz várias negociações e paguei entrada e algumas parcelas. Atrasava ..."
"Cartão pago com atraso,agora tenho limite e não posso usar o cartão tá bloqueado.",Cartão mesmo após ser pago possui limite porém o mesmo encontra-se bloqueado. Renata de Oliveira Vieira Miguel **...
Não consigo cancelar cobranças indevidas,"Quero cancelar uma assinatura irregular no meu cartão de crédito da Amazon prime, mas não consigo pois nem a nubank bloqueia ..."
Limite,"Já fazem mais de 5 anos que tenho conta na Nubank, já cheguei a movimentar mais de 30 mil na conta todos os meses, mantenho s..."
Google smart media ap,"Hoje as 19:20 do dia 27, recebi uma notificação da Nubank informando uma compra de 14,99 na google smart media ap, ao qual nã..."
Extravio,Uma cliente passou o cartão de débito Nu Bank o dinheiro saiu da conta dela e não chegou na minha conta.
N consigo acessar minha conta,estou há quatro dias sem poder usar no Bank não sei mais o que fazer Já fiz tudo que eles me orientaram fazendo já autorizara...
Inscrição indevida no registrado,Paguei um acordo com o banco .Ao entrar no registrado deparei esse acordo como prejuízo me impossibilitando de conseguir cr...
Inscrição indevida no registrado,Paguei um acordo com o banco .Ao entrar no registrado deparei esse acordo como prejuízo me impossibilitando de conseguir cr...
Estorno não feito,"Recebi meu salário hoje 27/02 na minha conta e mesmo acessando o app, não consigo usar meu saldo em conta.Pois me disse..."
Prejuízo,"limpei meu nome no aplicativo do serasa e mesmo assim meu nome está nos registros como prejuízo, já tentei fazer financiament..."
Foi feita duas compras no meu cartão virtual que não foi eu quem fiz,Hoje a tarde do dia 27 de fevereiro de 2025 eu recebi notificação no aplicativo que foram efetuadas duas compras online no me...
Nubank te trata como [Editado pelo Reclame Aqui],"Vou resumir e postar os prints pois já estou cansada da Nubank, pretendo pagar antecipadamente minhas faturas dos próximos me..."
Ameaça,Me mandaram uma notificação extra judicial me ameaçando. Eu já avisei voces por duas vezes uma por email e outra por aqui que...
Ricardo,"Afirmo uma dívida em torno no valor de R$ 390,00, sendo que, estou muito interessado em pagar, mas ao meu ponto de vista estã..."
Cancelamento das Minhas contas PJ e PF.,"Prezada equipe do Nubank,Venho por meio desta, expressar minha insatisfação e preocupação em relação ao bloqueio ..."
Tiraram o dinheiro da minha conta,Tiraram o dinheiro da minha conta
Recebi 4 cobranças de Panvel,"Recebi 4 cobranças no cartão de crédito de Panvel Matriz no sábado dia 22/02/2025:R$ 257,96 em 3x às 11:08R..."
Não consigo resgatar meus investimentos,"Invisto no Tesouro Direto por meio do Nubank desde 2018. Ontem, dia 26 de fevereiro de 2025, entrei no aplicativo do banco pa..."
Nu Bank Nó Cego,Eu contestei uma Fatura da Skay cobrada indevidamente em data anterior! No mês seguinte veio a cobrança Novamente! Alegou que...
Nubank bloqueo meu cartão de crédito e estornou todo o valor que tinha em saldo,"Estava em minhas rotinas matinais fui fazer uma compra usando meu cartão de credito sem nenhum problema, não foi entrei para ..."
Nubank Não estorna valor de pedido de ordens em compra de Fundos Imobiliários,"Ontem, pela manhã, dia 26/02/2025, enviei um pedido de compra de um Fundo Imobiliário pelo Nubank. O pedido não foi executado..."
Construir Limite,Eu tenho esse cartão construir limite e já estou no terceiro ciclo e me aumentaram somente míseros 10 reais. Eu isso bastante...
Atendimento via telefone não atende,"Entrei em contato com o Nubank para tentar ativar meu cartão de crédito na minha conta Google Wallet, pois pelo aplicativo es..."
[Editado pelo Reclame Aqui] do pix,"Eu estou mexendo com auxílio doença com advogada, então na dará de hoje eu recebi uma mensagem via WhatsApp que eu tinha um v..."
Boa noite não recebi meu cartão nubank e fala como se tiver feito,Boa noite fui notificado pelo e-mail que recebi meu cartão nubank porém não recebi.
Compra duplicada pela empresa MUVIFLEX,Efetuei compra de passagem de ônibus via muviflex no dia 24/2/25. A compra foi duplicada pela empresa muviflex que solicitou ...
Encerramento de Conta,"Verificando no Registrato do Banco Central, percebi que ainda existe uma conta em meu nome nesta instituição.62.1..."
Erro na transferencia de CDB,Novamente preciso entrar em contato por aqui porque os atendentes do chat não tem a capacidade de entender o que escrevemos.
NETFLIX DEBITO INDEVIDO,"JÁ INFORMEI O CANCELAMENTO DA ASSINATURA E VCS CONTINUAM DEBITANDO DO CC R$ 59,90, ATÉ QUANDO ?QUANTA..."
Cancelamento de Conta,"Fiz a conta digital, foi um sofrimento fazer reconhecimento facial, por fim finalizei, chegou o cartão em minha casa, ao entr..."
NUBANK SE NEGA A ENVIAR COMPROVANTES DE DEVOLUÇÃO,"Boa tarde! estou solicitando de forma continua e alguns dias, o envio do Comprovante Completo de Devolução de um pix efetuado..."
Fiz o acordo e quitei minha dívida,"Sou cliente do banco a mais de 8 anos,uso ele para tudo o que preciso,fiquei desempregada aí não consegui honrar as minhas dú..."
Pendência Registrato,"Realizei a liquidação dos débitos em abertos com o Nubank, porém a dívida ainda continua aparecendo no Registrato. Preciso de..."
Venda BTHF11,"Desde dezembro quando o fundo BTHF11 passou a ser negociado no app do Nubank, venho tentando vender as ações mas não consigo..."
Bloqueio indevido das contas pessoa física e jurídica,Boa tarde tudo bem sou o Tiago tenho duas contas física e outra PJ e o que ocorreu bloquearam a minha as minhas duas contas q...
Reembolso,Eu Fiz uma compra no cartão nubank e eu solicitei o reembolso da minha compra e até hoje não e até hoje não obtive resposta c...
Cancelamento de conta,"Minha conta pj foi cancelada porém a função crédito do cartão continuou ativa,Todas as minhas faturas estão em dia"
Nubank não faz reembolso,"Fiz uma compra através do Rappi, no Supermercado Carrefour, no valor de R$57,07, no dia 20/02/25. Quando fizeram a separação ..."
Saldo sumiu da conta,"Eu tava com um dinheiro na conta de pagar a fatura aí quando chegou no dia, quando eu ia pagar o dinheiro sumiu, aí já tentei..."
Divida,Boa tarde Segue preciso de um a proposta que cabe no meu bolso preciso negociar a dívida mais ainda vocês está me...
Não querem cancelar a compra,"No dia 04 de fevereiro às 21:13 realizei a compra de um sutiã no valor de 139,90 pela loja Cygnuss Lingerie. O produto com es..."
Cobranças indevidas,O Nubank recusa fazer devolução de compras canceladas e abater valor PAGO em fatura corretamente. 1- Fiz 2 pagame...
Entrega do meu cartão de crédito,Eu vi no aplicativo que o meu cartão tá com o entregador sendo que eles nunca vem pro meu endereço sempre dizem que houve fal...
"Compra de um tablet na Amazon, cujo valor foi estornado devido cancelamento do vendedor e a Nubank não devolveu o dinheiro para minha irmã, titular do cartão utilizado.","Eu me chamo Eurana, fiz uma compra na empresa Amazon no dia 30/11/2024 no valor de R$ 961,86. O valor refere-se a compra de u..."
Minha decepção com o nubank,"No dia 18 de fevereiro,as11:20 aproximadamente,recebi uma ligação,como se fosse da central da nubank, dizendo que estavam ten..."
Xbox Game pass Core - Propaganda Enganosa,"Bom dia,Fiz a compra de 12 meses de assinatura do Gamepass Core por revenda oficial direto do Nubank, recebi o có..."
Minha conta foi desativada,Não consigo reativar minha conta
[Editado pelo Reclame Aqui],"Will financeira s.a.credito, financiamento e investimento foi realizado a transferência para uma pessoa que usa está conta, f..."
Falha na Devolução de PIX Neon Não Resolve o Problema,"Descrição:No dia 27/02/2025, realizei uma transferência via PIX da minha conta Nubank para uma conta da Neon, por..."
Limite de cartão de crédito diminuído do nada,"Bom eu tenho o cartão de crédito deles a um tempinho ja , o meu limite foi aumentando com o tempo ate q chegou me um limite b..."
Nubank colocou meu nome no registrato,Nubank colocou meu nome no registrato a lista negra dos bancos e isso cabe processo por danos morais peço por favor que retir...
Juros alto na nubank,"Atrasei algumas parcelas do cartão de crédito, porém sempre renegociei, quando posso, porém faz um ano que venho sempre negoc..."
Acesso aos meus investimentos,"Não consigo resgatar meus investimentos, recebei um e-mail do Nubank informando que eu precisava ligar para os seguintes núme..."
Situação constrangedora,"A algumas semanas estou tentando passar meu cartão de debito em alguns lugares passam em outros não, bem constrangedor esta s..."
[Editado pelo Reclame Aqui],"Fizeram uma transferência no valor de 350,00R$.Fiz boletim de ocorrência, enviei para o banco e obtive a resposta que ..."
Estou sendo prejudicado,"Tenho comércio, e já fazem dois dias que estou enfrentando problemas com esse banco (NUBANK). Tive minha conta bloqueada com ..."
"Tô pedindo só mais 200 de limite,não é algo impossível,esperar até julho pra analisar,se pago minhas faturas certinho tudo mês","Tô usando o nubank,adoro a praticidade e o atendimento do pessoal,mas tô insatisfeito com meu limite,desde quando fiz meu car..."
Cartão de crédito cancelado,"Eu tinha um cartão de crédito na Nubank, mas o infelizmente eu atrasei algumas prestações. Entrei em contato com o atendiment..."
cobrança indevida,"FIZ UMA ANTECIPAÇÃO DA ULTIMA PARCELA DA MINHA FATURA,O SISTEMA DEU DESCONTO E DISSE QUE NA PROXIMA FATURA VINHA PRA EU PAGAR..."
Baixa de pagamento,Na na data de ontem eu precisei fazer um pagamento de boleto para depositar valores na conta do nubank porque eu tinha ultrap...
Solicitação de remoção de consultas no CPF sem autorização,"Prezados,Gostaria de registrar minha insatisfação em relação às consultas realizadas em meu CPF por parte do Nuba..."
[Editado pelo Reclame Aqui],Fiz um pagamento de IPVA pela conta do Bradesco o pagamento foi pra um CNPJ de uma conta nubank chamado recolhimento minas se...
Dívida paga ainda consta no Serasa,Fiz o pagamento de uma dívida/acordo no dia 28/08/2024 e ainda ainda consta no Serasa. Estou sendo prejudicada e corro risco ...
"Bloquearam minha conta sem motivo algum , Eai agora está no meu cpf que é de [Editado pelo Reclame Aqui] ou fralde , sendo que a. Pessoa que fez isso que é [Editado pelo Reclame Aqui] , agora todas as minhas outras contas quando vai receber pix aparece que é [Editado pelo Reclame Aqui] , tenho todas as provas aqui","Bloquearam minha conta sem motivo , e agora todas as minhaas outras contas estão com suspeita de [Editado pelo Reclame Aqui] ..."
"[Editado pelo Reclame Aqui],","Boa tarde,eu recbi uma ligação na data de hoje dia 24/02,uma mulher ,dizendo que o meu aplicativo da nubank tinha sido duplic..."
Não desbloqueiam meu cartão de crédito,"Caros! Eu nunca tive conta em banco digital e devido as propagandas do Nubank eu baixei, fiz um pix pra ativar a conta e cheg..."
Cobrança indevida.,"Hoje dia 27 de fevereiro de 2024 foi realizado uma cobrança no meu cartão USD 2,99 como Star Cluster Pte. Ltd. Esse valor..."
Meu namorado fez transferência via pix,"Meu namorado fez transferência via pix , só que como foi várias de valor alto , vocês bloquearam a conta dele alegando [Edita..."
Caixinha Nubank engana cliente.,"Simplesmente não usem a caixinha da Nubank. Vou lhe dar por experiência própria que, se você tiver uma conta poupança, A SUA ..."
Nubank não libera portabilidade de empréstimo consignado para outro banco,"Estou tentando fazer a portabilidade do contrato de empréstimo consignado que tenho no nubank para o banco Facta, contrato nú..."
Lançamento duplicado da fatura sem devolução,"Eu fiz uma compra de 210,80 em 3x e fiz o cancelamento de um item no valor de r$ 40,25. Fizeram a devolução do valor, só que ..."
Juros abusivo,"A dívida de 129,00 foi para 1.300,00 isso é um [Editado pelo Reclame Aqui], gostaria de pagar a dívida, mas 1.300,00 e um [E..."
Contestação,Fiz uma compra . Não recebi a mercadoria o Nubank me deu crédito de confiança onde me cobrou tudo agora com a afirmação que a...
JUROS ABUSIVOS,"Boa tarde!!Dia 21/02/2025 sexta-feira vence minha fatura, só que fiz o pagamento na data 24/02/2025, Segu..."
Conta bloqueada,Bloquearam minha conta fui assaltada já fiz boletim de ocorrência porém minha conta continua bloqueada
Negociação de fatura,"Fiquei desempregada no dia 01/01/2025, por isso estou com duas faturas em atraso. Com muito custo consegui juntar um valor pa..."
Diminuição no limite sem aviso prévio,"Informo que o banco fez uma prática abusiva que vai de contra ao contrato do banco, pois neste exato momento reduziram meu li..."
Compra negada com limite sobrando - vergonha e dano moral,Essa imundície de banco recusa débitos de baixo valor no meu cartão embora eu tenha limite sobrando e sempre pague em dia. Ne...
Dificuldade de negociação,"Boa tarde.Atualmente, encontro-me com uma dívida junto ao Nubank no valor aproximado de R$ 800,00 e gostaria de s..."
Quero pagar,"Bom, quem usava meu cartão era minha esposa que devido a um acidente nos deixou quinta passada.Diante disto eu as..."
Falta de agilidade no processo de abertura de conta PJ,"Estou há mais de 2 meses, tentando abrir uma conta PJ no Nubank, já liguei algumas vezes nesse meio tempo, falaram que a con..."
O Nu Bank está mandando notificações para nossos clientes que nós somos [Editado pelo Reclame Aqui] e isso é muito grave,"Fazemos vendas diárias através de Pix tanto por conta CPF como pelo nosso CNPJ , e quando um cliente vem em nossa loja ou faz..."
Reativar meu crédito,Fiquei desempregada e n conseguia pagar minha fatura (que no caso era só uma)e assim ficou por um 1mes ou 2meses e depois que...
Bloqueio de cartão,"Meu cartão foi bloqueado pós teve um atraso de pagamento,porém foi pago e eles cancelaram meu cartão isso é um absurdo queria..."
INSCRIÇÃO INDEVIDA NO REGISTRATO.,paguei um acordo com o banco. ao entrar no REGISTRATO deparei esse acordo como prejuízo me impossibilitando de conseguir créd...
Juros exorbitante,"No mês de dezembro, realizei um conversão de limite no valor de 200 reais, a mesma somou um juros de 52 reais, cada parcela f..."
"Botão do perfil, Menu, ocultar valores e chat não aparecem.","Minha conta está com algum problema, não aparece na parte superior o botão do perfil que dá acesso ao menu da conta, e por is..."
CANCELAMENTO DE CONTA SEM EXPLICAÇÃO E DINHEIRO RETIDO,"MEU FILHO, MENOR DE IDADE, TEM UMA CONTA NO NUBANK QUE DEPOSITAMOS DINHEIRO PARA ELE, ELE SEMPRE UTILIZOU A CONTA PARA SEUS G..."
Solicitação de renegociação do meu empréstimo,"Olá, equipe Nubank,Meu nome é *******, CPF *******, e sou cliente de vocês. Estou entrando em contato para solicitar a ..."
Enviei um reclamação dia 21,"Eu enviei essa reclamação dia 21 , porém me enviaram um respaldo dia , 24 com uma simulação , e e estou interessado em formal..."
Cobranças a Parente Gerando Constrangimento,"Estou sendo cobrado vexatoriamente um empréstimo em atraso, estão ligando para meus parentes e vizinhos me cobrando falando a..."
"Juros , multa e mora no cartão de crédito","Olá Nubank sempre paguei meu cartão em dia , porém devido a um imprevisto no meu pagamento acumulou duas faturas , porém com ..."
Restrito mesmo após pagamento,Paguei o acordo porém ainda está restrito nome na serása sendo que já deu prazo para baixa
Cartão de crédito,Tem um ano e meio que cancelaram o meu cartão devido a um atraso no pagamento. Assim que foi possível eu quitei essa dívida e...
Pedido não entregue e falta de suporte,"No dia 12/02, realizei uma compra utilizando o Nubank como intermediário, com o pedido sendo vendido e entregue pelas Casas B..."
"Nubank, informa canais de atendimento que não funcionam","Estou tentando entrar em contato com o Nubank para negociar minha dívida, porém não estou conseguindo.No aplicati..."
Eduardo,"Tô quase 5 ano com esse cartão ,pago sempre em dias ...e meu limite não alimenta, limite de 200 reais .fala aí q [Editado pel..."
Cobrança indevida,"Fiz um plano na academia sua academia live de um ano, mas desfiz o plano paguei a multa por quebra de contrato tudo direitinh..."
Não Tenho Conta,"Recebi mais de uma mensagem de SMS, de empresas dizendo que tenho vantagens por possuir conta e/ou cartão do NUBANK , EU NAO ..."
Nubank não processou meu estorno,"Fiz o reembolso de uma compra feita pela Shein, que já reembolsou há dias a compra e até agora a Nubank não estornou o valor ..."
Call center,"Tive um problema de remarcar atendimento seguro residencia, uma questão muito simples ,acontece que fiquei 45 minutos ouvindo..."
ME DEIXA EXTRAIR MINHAS INFORMAÇÕES,Extrair extrato por período personalizado? IMPOSSIVEL! Qual é a de vocês? Já não basta eu ser PROIBIDO de usar o acesso por s...
Playstation não reconhece a compra do serviço,Fiz a compra do PSN Plus pelo cartão de credito Nubank conforme pagamento no dia 19 de 09/2024 (Ebn *Sonyplastation) desde d...
JUROS ABUSIVOS DA NUBANK,"Sempre paguei minhas faturas na Nubank de forma correta, mas no mês de Junho de 2024 fiquei sem emprego e não consegui pagar ..."
[Editado pelo Reclame Aqui],"Fiz um pix para empresa creamy skicare, pelo site comprei o produto e quando foi na hora de rastrear o pedido d, deu como se ..."
Cartão de credito bloqueado!!,"Fiz um acordo e paguei avista, a minha conta é bastante movimentada e mesmo assim não liberaram meu limite de volta Qu..."
NÃO CONSIGO ACESSAR A CONTA APOS O ENVIO DE DOCUMENTOS PARA A ABERTURA DA CONTA.,"OLÁTUDO BEM ?ANTERIOMENTE FIZ UMA RECLAÇÃO, POR QUE NUNCA TIVE APROVAÇÃO DA CONTA. O RETO..."
PAGUEI MINHA DÍVIDA UM DIA APÓS A DATA DE VENCIMENTO E NÃO FOI QUITADO O VALOR!,No dia 19/02/2025 gerei um boleto para quitação da minha dívida que já estava com um juros altíssimo e abusivo de quase 20.00...
Problema de compra,"Meu nome é ******* Cristina Ribeiro Benedicto (CPF: *******), e venho, por meio deste, solicitar a abertura de uma disputa e ..."
Bloqueio da conta,Fui fazer um pix para uma nova conta e bloquearam ! Eu preciso que resolvam pois preciso trabalhar com o dinheiro que está lá...
"SCR com dados errado, derrubando meu score.","Recebi um comunicado da serasa informando a queda do meu score,entrei em contato para entender o motivo já que não devo a nin..."
RESTRIÇÃO INDEVIDA NO REGISTRADO,"Prezados,Venho solicitar a retirada de uma dívida indevida registrada no Registrato. Solicito que o r..."
[Editado pelo Reclame Aqui] na conta,Boa tardeNo dia 03/02/2025 minha conta foi [Editado pelo Reclame Aqui] até então liguei no mesmo dia para o banco...
"Parcelamento não efetivado, por erro da empresa","Realizei o parcelamento da fatura com vencimento dia 24/02, com o pagamento da entrada para o mesmo dia, pago via Pix.O..."
Nunca mais houve aumento de limite!,Estou entrando em contato para expressar minha insatisfação com a falta de aumento do meu limite de crédito. Sou cliente do N...
Ajuda,"Olá, boa tarde. Gostaria de agradecer pelo suporte e a devolução do valor referente a compra da Hurb que não recebi o pacote ..."
[Editado pelo Reclame Aqui] pix,"Fiz uma compra na latam de um voo para Goiânia no dia do 07/03 de 2025 retorno dia 09/03 de 2025,no valor de 467,50. So que n..."
"Pago as faturas em dia, antecipei parcelas do cartão e juros do empréstimo se mantém alto e eu não recebo aumento de limite no cartão","A esposa de um colega de trabalho conseguiu um empréstimo abaixo de 5%,na qual usou esse empréstimo para compra de uma moto, ..."
Reembolso,Fiz um pix pra uma conta antiga minha do Bradesco só que eu não sabia que já estava inexistente a conta aí acabou indo pra lá...
Limite nunca dá,Já não sei quantas vezes vou ter que reclamar desse banco sempre uso cartão coloquei meu salário pra receber nesse banco mais...
Quero encerrar minha conta a anos e não consigo!!!,Abri a conta com 1 finalidade guardar dinheiro até lá tudo bem porém quando fui tirar meu dinheiro investido tive diversos pr...
valores descontados na minha conta sem minha autorização e parcelas no meu cartão de crédito sem meu concedimento entrei em contato assim que vi 17/02/2025 e até hoje não fizeram nada,tinha um dinheiro guardado na caixinha de 500 reias e começou a sumir aos poucos por [Editado pelo Reclame Aqui] não se...
Me garatiram q seria reativado apos o acordo pago sem parcelar,Fiz um acordo de pagamento com juros e me garatiram q seria reativado porem ate o momento segue cancelado mesmo com pagamento...
CONTA BLOQUEADA POR FAZER UM PIX COTIDIANO,"Tenho um saldo R$[Editado pelo Reclame Aqui].378,00 no Nubank fui enviar um pix para minha esposa e a conta simplesmente bloq..."
Reembolso não caiu na conta,"Olá, tenho uma carta emitida pela Cielo referente a um estorno feito em janeiro. O estorno ainda não foi emitido pela Nubank...."
Nubank banco [Editado pelo Reclame Aqui] 2,"Cancelei a conta, porém todos os meus dados continuam lá como se a conta estivesse aberta, inclusive tem opção de reabrir a c..."
Cai num [Editado pelo Reclame Aqui] e a nubank facilitou,"Levei um [Editado pelo Reclame Aqui], paguei 3 Pix para a mesma pessoa d valores diferentes, pois a cada hora tinha uma descu..."
Cai num [Editado pelo Reclame Aqui] e a nubank facilitou,"Levei um [Editado pelo Reclame Aqui], paguei 3 Pix para a mesma pessoa d valores diferentes, pois a cada hora tinha uma descu..."
Compra não identificada,"Foi feito 4 compras no dia 20 de fevereiro no valor de 225,54 e outra dia 21 de 82.74 no meu cartão de crédito, e eu não reco..."
Alteração de Senha,"Prezados, boa tardeGostaria de mudar a senha do meu cartão, minha primeira tentativa foi feita através de e-mail ..."
Nubank não permite parcelamento após vencimento da fatura para ganhar mais com juros rotativo,"Vcs jogaram o valor da minha fatura de fevereiro toda para março, paguei com apenas um dia de atraso e gostaria de protestar ..."
Retirar Apontamentos do Serasa,"De acordo com o Artigo 42 do Código de Defesa do Consumidor, na cobrança de débitos, o consumidor inadimplente não será expos..."
Dívida com a Nu,"Sempre tive cartão da nubank, até que fui demitida e não consegui mais pagá-lo, por conta dos juros super abusivos hoje estou..."
Não entrega de encomenda e dificuldade de comunicação com a empresa,Em nov/24 minha esposa e eu aguardávamos uma encomenda remetida pelo NuBank. Não foram realizadas tentativas no portão do loc...
Conta bloqueada,"Meu namorado comprou um açaí de uma loja no dia 15/02, a loja devolveu o troco através do pix e a conta dele foi simplesmente..."
Conta cancelada sem aviso prévio e com saldo nela,"Descaso o que a nubank está fazendo comigo! Cancelaram minha conta sem me avisar antes com todo meu dinheiro nela, tenho mais..."
Dinheiro sumiu,"Boa tarde no final do ano passado fiz uma transferência via pix para o meu banco next , utilizando a conta nubank .Auto..."
Dinheiro sumiu,"Boa tarde no final do ano passado fiz uma transferência via pix para o meu banco next , utilizando a conta nubank .Auto..."
Conta exclusa com [Editado pelo Reclame Aqui] do meu dinheiro,"Fiz um empréstimo consignado na Caixa Economica para comprar um veiculo, esse valor do empréstimo transferi da minha conta da..."
Cancelamento de todos os serviços incluindo cartão de crédito e da minha conta completa . Inclusive com saldo em conta !,"Dia 25/02/2024 , estava eu utilizando os serviços da minha conta nubank , fazendo pagamentos e recebendo pagamentos . ( Tinh..."
Compra não reconhecida,No dia 23.02.2025 fizeram uma compra de um valor alto na Amazon e utilizaram meu cartão virtual da nubank
Serasa,Olá. Fiz um parcelamento com o débito do meu cartão pois troquei de emprego e não consegui alterar a data vencimento. Ocasion...
Dívida não retirada do registrati,"Efetuei um acordo com o nubank na, e apesar de ter pago e terem retirado do Serasa, ainda consta no registrato. Peço que reti..."
Cobrança indevida,"Minha assinatura foi suspensa e não consigo resolver, entro em contato com a globoplay e a mesma fala que o problema é com a ..."
Meu aplicativo não dar certo não,Eu passei mais de mês esperando aí fica só dizendo cadastro finalizado e não abre o aplicativo eu queria tentar de novo começ...
Assunto: Reclamação Administrativa Falha na Segurança e Restrição Indevida ao Crédito,"Venho, por meio desta, formalizar uma reclamação administrativa acerca de uma grave falha na segurança do sistema do Nubank, ..."
Proibido Antecipar pagamentos!,"Em 26/02/25 entrei em contato via chat pedindo auxílio para antecipar o pagamento de uma compra feita no cartão de crédito, v..."
Bloqueio saldo FGTS,A Nubank bloqueou meu saldo do fgts mesmo tendo antecipado o pagamento das parcelas do empréstimo. Fui na caixa econômica e m...
Não consigo um extrato DIRF da conta CNPJ,Preciso par entregar ao contador com finalidade de declaração de imposto de renda um extrato DIRF da conta CNPJ e não se enco...
A Conta da minha mãe está bloqueada para fazer transferência.,A conta da minha mãe está bloqueada já tem uns 5 meses é ela não consegue desbloquear de jeito nenhum. Toda vez que ela liga ...
Desnecessário ficar autorizando. Uma vez basta!,Com frequência tento usar o PIX no WhatsApp e fica me pedindo para autorizar no app. Acontece com MENOS de 30 dias. Isso é ch...
Conta bloqueada injustamente e sem resposta! Preciso de solução urgente!,"Minha conta PJ na Nubank foi bloqueada por conta de uma contestação de uma venda no valor de R$ 589,00, mesmo após eu ter env..."
Limite não passa de 3200 a mais de 3 anos,"Preciso de aumento de limite, estou com 3200 de limite por anos. Meu score é alto, tenho um bom histórico de pagamentos..."
Cobrança,Tinha um cartão de crédito nubank está indo tudo sobre controle com meu cartão e com meu empréstimo em agosto do ano passad...
Cobranças,"A nubank está me cobrando juros absurdos, sendo que já tinha quitado uma fatura, porém no dia não abateu o valor, fizeram um ..."
Não consigo cancelar a parcela da minha fatura,Parcelei a minha fatura pensando que não ia conseguir pagar mas felizmente conseguir o dinheiro e eles não querem cancelar os...
*******,A nubank cancelou meu crédito mesmo quitando toda a dívida não deixando claro que o cancelamento continuaria
*******,Boa tarde tudo bom O meu problema é que eu não tô tendo acesso a conta nubank a conta PJ nubank
O valor não bate com o que paguei,"Bom dia. Tudo bem? O que acontece é o seguinte: a minha fatura de fevereiro é de R$ 422,07. Porém, na cobrança do fechamento ..."
Nubank não estorna valor de compra cancelada!,"No dia 07/11/2024, realizei uma compra com o cartão Nubank (em nome de *******) no site Compra Certa. No entanto, ao receber ..."
Cancelou meu cartão de crédito por atraso na fatura !,"Tive um imprevisto financeiro em casa e, infelizmente, atrasei minha fatura do Nubank por alguns dias. Sei ..."
Insatisfação com limite de crédito no Nubank,Sou cliente Nubank e tenho priorizado essa instituição em minhas movimentações financeiras. Comprovei renda mínima de R$7.000...
Cobrança indevida,Venho por meio desta solicitar esclarecimentos urgentes sobre uma cobrança indevida em minha conta. Identifiquei a geração de...
Nubank bloqueou meu dinheiro e não permite antecipação do empréstimo,"Fiz um empréstimo com o Nubank para ser pago em três vezes, com a primeira parcela vencendo em abril. Para garant..."
Apareceu limite adicional de 400 e sumiu porque,Apareceu o limite adicional de 400 e sumiu por quê
Cartão de Crédito cancelado,Bom dia. Sou Pedro e fazem mais de três anos que utilizo a Nubank como conta principal. A Nubank é um banco maravilhoso. Todo...
Fui vítima de [Editado pelo Reclame Aqui] e [Editado pelo Reclame Aqui],"Na data de hoje 27/02/2025, fui acessar a minha conta da nubank para retirar um dinheiro para realizar um investimento, quan..."
Reativação de conta,"Minha conta foi desativada a uns anos atrás, disseram que foi pelo time de segurança. Agora estou tentando reativar e não con..."
Compra efetuada em site [Editado pelo Reclame Aqui],"No dia 16 de janeiro de 2025, efetuei uma compra online num site que aparece no google como loja oficial da Growth, mas assim..."
Cobrança,"Fiz um acordo paguei a 2 parcela dia 18 de fevereiro, porém no aplicativo consta somente 1/3 sendo que consta também o histór..."
Cobrança indevida,"A Nubank está me cobrando um empréstimo que eu não fiz, já entrei em contato com eles, eles disseram que é um erro interno e ..."
Limite Estagnado,"Sou cliente da Nubank tem 4 anos, e o mesmo ano que eu abri a conta me liberaram um carão de crédito que em pouco tempo foi p..."
Impossível a reativação do cartão de crédito da Nubank,"Bom dia! Tudo bem? Me chamo Laís e tenho minha conta Nu faz muitos anos, porém, por questões pessoais, eu cancelei meu cartão..."
Eu fui [Editado pelo Reclame Aqui],Eu fui [Editado pelo Reclame Aqui] no dia 14 de fevereiro horário de trabalho eu sou motorista de carga me pegaram colocaram ...
Nubank não me permite mudar o vencimento da minha fatura,Estou a dias tentando mudar o vencimento da fatura sem sucessoMudei de empresa e agora recebo alguns dias depois e com ...
Conta bloqueada,"Nubank toda vez que vou fazer uma transação,simplesmente bloqueia a minha conta sem nem um aviso prévio ,tenho saldo minhas c..."
Adiantamento FGTS,"Bom dia, segunda feira solicitei o adiantamento saque aniversário FGTS e até hoje não recebi o dinheiro, não consigo tentar n..."
NÂO recebi um PIX feito para Nubank a mais de 3 meses,"Fiz um PIx de um aplicativo chamado BIPA e a transação consta como completada com sucesso, com todos os dados de transferênci..."
Dívida Preescrita,"Conforme decisão STJ, dívidas prescritas não podem ser mais cobradas. Solicito a baixa de minha dívida ao site Serasa"
Limite não aumenta há quase 2 anos.,"Sou cliente Nubank desde 2020, em 2021 liberaram o limite no valor de R$50 reais, com a utilização de 5 meses esse limite aum..."
Cartão Cancelado por Ligação [Editado pelo Reclame Aqui],"Sou cliente do Nubank desde 2018, quando a instituição ainda não oferecia conta de pagamento, disponibilizando apenas o cartã..."
Reativação de cartão de crédito,"Estou extremamente INDIGNADA com o banco, estão reativando o cartão de crédito de TODOS literalmente TODOS que já estavam CAN..."
Não consigo efetuar pagamentos,Há quase um ano eu venho tendo problemas com o aplicativo Nubank.Já tive problemas com pagamentos de contas que foi fei...
Meu cartão de crédito foi cancelado,"Estava devendo uma fatura do meu cartão de crédito, agora quitei toda a dívida que eu tinha mas o meu cartão de crédito fui c..."
Cartão de crédito cancelado,"Meu cartão de crédito eles cancelaram, eu vim saber ontem quando recuperei minha conta e entrei no nubank tinha uma dívida qu..."
Urgente Problema com Conta Desativada e Falta de Respostas,"Prezados,Desde terça-feira estou tentando entrar em contato com o Nubank para resolver um problema com minha cont..."
Ja pague 4 fatura pagpou minha futora em dia nuca atrazei ainda pagou tudo mes uma daxa de pix q eu usu no cartao de credito de 41 tem mais q 34 varia meu cartao foi aprovado com limite de 400 reais ate agora n almento meu limite ainda recebo meu salariö,Pagou mimha fatura em dias nuca atrazei minha fatura ainda pagou uma taxa porque eu usu pix no cartao de credito de 42 por me...
"Cancelaram minha conta fisica e jurica, e nao devolvem o dinheiro","Bom dia, a Nubank concelou todos os meu serviços no dia 03/02/2025 e não consigo receber o valor que ficou na minha conta jur..."
Tentativas de renegociação,Em abril do ano passado contratei um empréstimo do Nubank.Infelizmente as coisas ficaram complicadas e não consegui pag...
SCR BACEN,"*Gostaria de solicitar a exclusão dos débitos no scr bacen (Registrado) dos débitos abaixo, pois já foram todos quitados.*"
NEGOCIAÇÃO DE DIVIDAS,"ESTOU TENTANDO SANAR MINHAS DIVIDAS CM O NUBANK ,POREM AS PROPOSTAS FORAM FORA DE COGITAÇÃO E COM JUROS ALTISSIMOS. QUERO PAG..."
Atraso na atualização cadastral Mudança de Nome,Solicitei a atualização dos meus dados cadastrais no Nubank devido à alteração do meu prenome. Enviei toda a documentação atu...
Pagamento de emprestimo,"Preciso pagar a primeira parcela da negociaçao de um emprestimo q ficou atrasada vence amanha 28/02/2025, e nao consigo pagar..."
Sobre o aumento de limite,Olá bom dia me chamo ******* meu CPF******* data de nascimento 18/06/1991verifica tudo aí será que eu tenho uma chance bem gr...
negativaçao,"ja fiz o pagamento da divida ja tem mais de 8 dias e a financeira. NU FINANCEIRA S.A. - SOCIEDADE DE CREDITO, FINANCIAMENTO ..."
Cancelamento de conta com valores,Recebi uma transferência na minha conta hj de manhã por indenização judicial assim q o valor caiu fizeram o bloqueio temporár...
"RESTRITIVO INDEVIDO EXIBIÇAÕ, HISTORICO INDEVIDO.",Defesa Administrativa para Exclusao do Historico no Registrato (SRC) Banco CentralI. IntroducaoCicer...
Juros alto,"Tinha um cartão de crédito no valor de 700 reais pela nubank em 2023, na época fiquei desempregada e não tive como pagar, tem..."
SOLICITAÇÃO DE EXTRATO BANCÁRIO EM NOME DE MINHA FILHA,"Bom dia,Na data de ontem falei com 4 atenderdes e expliquei a situação, que seria grave, pois o extrato bancário em nom..."
Reclamação sobre alteração de data de vencimento e redução de limite,"À equipe de atendimento do Nubank,Venho, por meio deste, expressar minha insatisfação com a forma como minha soli..."
Investimento no NU LIMITE GARANTIDO e fatura pagar sem liberação de limite travou!,"Eu investir 340 no Nu limite garantido,e usei meu limite pré-aprovado, no valor de 300 reais, tbm tinha um limite que usei l,..."
Seguro nu lar,"Fiz a contratação do seguro nu lar,pois todo ano tenho problemas com chuva em casa.E quando precisei me negaram, então ..."
Limite do cartão de crédito,"Tenho conta no Nubank há mais de 4 anos, e nunca tive aumento no limite do cartão de crédito.Faço pagamentos pelo app, ..."
Limite muito baixo.,"Há mais de dois anos sou cliente do Nubank, mas meu limite de crédito nunca ultrapassou R$ 400,00. Gostaria de expressar meu ..."
Reativação do Cartão de Credito.,"Paguei minha divida a um bom tempo no nubank e não voltam com meu limite, sou cliente a anos e não tenho nenhum Beneficio,pas..."
Reativação da conta,"Tive a conta bloqueada pela Nubank alegando [Editado pelo Reclame Aqui] de uma contestação de um link de pagamento, porém não..."
O limite não aumenta nunca!,Olá. Eu sou cliente do nubank há anos. Tenho um cartão de crédito do qual eu uso sem parar. Tenho um limite baixo e não aumen...
Quero meu reembolso,Bom dia. No dia 23 de novembro de 2024 fui vítima de um [Editado pelo Reclame Aqui]. Ao acessar o site do Smodim e clicar em ...
limite de credito cartao,tive um atraso com o meu cartão de credito fiz um acordo e quando celebrei o acordo fui informada que quando terminasse o pag...
Consignado,"Bom dia , Quero quitar os contratos do empréstimo consignado e estou sem aparelho celular no momento para abater os emp..."
Juros exorbitantes,"20 dias de atraso e o juros tá em quase metade do valor da fatura.Fora o atendimento que tem com consumidor, que é horr..."
Cobrança de débito a terceiros,"Tenho um débito em aberto com a instituição nubank porém nao estou em condições de quitar, até o momento que me ligar para ..."
"Limites reduzidos, Juros Altos","Atualmente coloquei o nubank como banco principal, mas por diversas vezes consecutivos a empresa vem diminuindo limites, mesm..."
Reembolso,Há dois anos atrás meu esposo fez uma reclamação junto no banco devido a uma compra realizada no cartão de crédito dele no me...
"$ 19.700,00 bloqueados","Bom dia, fui fazer um Pix para uma determinada empresa no valor de $ 19.700,00 logo me surpreendi, além de não ter sido feita..."
Cobrança indevida sobre a fatura de fevereiro,"Bom dia! Realizei o pagamento da fatura de fevereiro dia 14/02 no valor de R$165,36. Acontece que o Nubank está me cobrando p..."
Antecipação de parcela,"Bom dia, hoje foi antecipar uma parcela que devo pagar em abril. Quando foi finalizado acabei percebendo que meio que fez uma..."
Antecipação de parcela,"Bom dia, hoje foi antecipar uma parcela que devo pagar em abril. Quando foi finalizado acabei percebendo que meio que fez uma..."
[Editado pelo Reclame Aqui] POR VIA PIX,"ONTEM ACABEI PARTICIPANDO DE UM GRUPO DE TAREFAS DO TELEGRAM ONDE NOS FAZ ENTENDER QUE ESTAMOS TRABALHANDO PARA SHEIN,PARECIA..."
Aumentar o limite,Já tem muito tempo que tenho o cartão de crédito do nubank e eles não Aumentar o limite e né empréstimos ele querem fazer que...
"FATURA EM DEBITO AUTOMATICO, QUE SÓ FAZ UMA TENTATIVA DE PAGAMENTO","Bom dia!Tenho ativo a fatura paga em debito automatico pela app do Nubank, e no dia 17/02 pela manhã recebi uma n..."
Empréstimo Fgts,"Fiz a solicitação de Empréstimo saque fgts na segunda feira dia 24/02/205, e até hoje não caiu.E os dados estão todos c..."
Redução de limite,"Meu limite ja era baixo (800,00) do dia pra noite eles reduziram meu limite para (200,00) sem ao menos me notificar com trint..."
Solicitei atendimento e tive minhas contas PF e PJ encerradas.,Senhores é com muita indignação que escrevo essa reclamação . Sou titular de uma empresa e prestei no serviço para o meu pai....
EMPRESTIMO FGTS,"Na manhã de 24/02/2025, fiz a solicitação de empréstimo saque-aniversário FGTS pelo Nubank, diretamente na minha conta e pelo..."
DIFICULTAM PARCELAMENTO DE ACORDO,"Olá! Estou tentando fazer uma renegociação dos meus valores em aberto pelo app, mais por lá as opções são muito dificultosas ..."
Falta de oportunidade,Nossa movimento minha conta mais de 6000 por mês não tenho chance de nada nem um limite pra nada axo bastante injusto
Atraso na fatura e juros alto,"Tenho A conta Nubank a anos o limite nem e tão alto sempre paguei certinho as faturas e empréstimos realizados, porém estou d..."
Fiz o pagamento do boleto do cartão de crédito duas vezes,"Paguei meu boleto do cartão duas vezes uma pelo Serasa e a outra pelo Nubank quero meu reembolso de uma, porque paguei duas v..."
Conta não ativa,Eu nunca tive conta na nubank e agora fui baixar fala q está bloqueado.Queria saber o real motivo por favor
meu limite,"Bom dia, no dia 22 de fevereiro eu paguei a minha fatura certinho, que no caso era 627,08, meu limite é 500,00 mas como ja ti..."
Juros abusivo,Não consigo quitar a parcelo do meu cartão por causa do juros abusivo do cartão. E eu gostaria de fazer uma renegociação
Não aguento mais dever,"No inicio do ano, o Nubank aceitou a proposta de quitação da divida por 4k, conforme já havia sido aparecido algum tempo no a..."
limite do cartão zerado,"já sou cliente desta instituição financeira há mais de 5 anos, e sempre quitei minhas dividas corretamente . Ontem quitei mai..."
"Nubank não aumenta limite, muito menos libera crédito!",Mesmo movimentando média mensal de 10 mil reais o Nubank não me da limite de cartão de crédito e quando raramente apresentou ...
Não aumenta o limite do cartão de crédito,"Tenho cartão do Nubank desde de 2017, sempre teve aumento de limite gradualmente. Desde de 2020 que não aumentam meu limite, ..."
Nubank/nuinvest péssimo,Há algum tempo atrás Abri conta no NuInvest E o Nubank Cancelou no nuinvest sem dar suporte nenhum para os seus clientes. No ...
CANCELAMENTO CONTA PJ,"Cancelaram todos os meus produtos Nubank, a mais de 1 semana, e não devolveram meu valor que está na conta, sendo que já devo..."
Nubank não cumpriu o que prometeu,"No dia 24/2 recebi um email da equipe de segurança da empresa, em nome do funcionário Fausto C., atualizando a minha contesta..."
Tenho o cartão há 53anos e nunca aumentam meu limite em nada,"Uso o cartão há uns 3 anos já,recebo meu salário no banco,fiz empréstimo já quitei todos ,tenho cartão de crédito com limite ..."
Insatisfação com o tratamento - irei cancelar a conta,"Bom diaMeu nome é *******, e tenho um ótimo relacionamento financeiro com a nubank, via conta PF e PJ.."
Valor da fatura errada,"Meu cartão passou 30 reais do limite, assim que percebi paguei 60,00 da fatura, quando fui ver se ainda tava o saldo negativo..."
Problema no pix,"Quando vou fazer transferência em pix, fica aparecendo essa mensagem no aplicativo.Só dá a mensagem ""algo deu erra..."
Contas encerradas aparecem no app,"Estou enfrentando um problema ao fazer transferências via Pix no Nubank. Sempre que tento realizar um pagamento, aparecem vár..."
Me arrependo muito de ter feito o cartão do nubank!,Eu passei anos com o limite no cartão de crédito em mais de 3 mil reais. Sempre pedindo aumento de crédito para pelo menos 5 ...
DATA DE VENCIMENTO,"SOU CLIENTE A ANOS DA NUBANK, MEU CARTÃO ESTA COM O LIMITE TODO LIBERADO, NÃO TEM NADA EM ABERTO E NENHUM PARCELAMENTO E NÃO ..."
Nubank se recusa a devolver valores enviados para carteira própria deles.,"No dia 09/02/2025, cometi um erro ao realizar uma transferência para minha conta do Nubank, enviando 300 USDT em vez de USDC ..."
Devolução de saldo,"Estou a mais de uma semana esperando a devolução do meu saldo, simplesmente encerrar minha conta, e só estão enrolando para f..."
Análise de crédito que nunca acomrece e não dá aumento no cartão de crédito,"Todo dia 5 tem analize ,e não analisam nada o limite do cartão e baixo eu uso a conta ao máximo,"
Dificuldade para trazer ativos de outra corretora,"Bom https://******* aqui expressar o meu lamento em relação a Nu Corretora,quanto a transferência de ativos de outra corretor..."
Recusa da cancelamento de parcelas,"Hoje eu fiz uma simulação de parcelamento da minha fatura que ainda iria vencer, mas como achei os juros abusivos, decidi pag..."
Bloqueia preventivo,"Porque o meu cartão está bloqueado preventivamente se quem utilizou ele nas 24horas foi eu mesmo, espero que desbloqueie logo..."
Juros abusivo !,"Adiantei umas parcelas que tinha no meu cartão e depois esqueci de pagar a fatura na data correta (dia 20), fui olhar no dia ..."
Não querem reembolsar valor enviado,Eu tenho ludopatia constatada. E perdi todo dinheiro dos meus pais com apostas. Isso nos colocou no fundo do poço e entrei nu...
Compra parcelada cancelada continua sendo cobrada,"Bom dia!Fiz uma compra no meu cartao de crédito online, parcelada em 12x. Na primeira parcela, eu já efetuei o pagament..."
AUTORIZAÇÃO DE DISPOSITIVO SEM RECONHECIMENTO FACIAL,"Solicitei a alguns dias atrás a liberação do meu celular sem reconhecimento facial, visto que minha câmera frontal está quebr..."
Pix sem autorização,"Foi feito um Pix sem autorização, de R$10 e o destino foi para DELCRED, sendo que nunca ouvir falar e no momento da transfer..."
Paguei a fatura e não voltou o Limite,"Paguei a fatura só cartão com garantia e não voltou meu limite, esse Limite eu não ganhei eu coloquei em dinheiro, e simplesm..."
Estou sendo cobrada 2x por uma compra,"Dia 07/11/24 fiz uma compra no Atacadão, deu tudo certo, passou certinho no cartão em 2x,no valor de 665,65. Não sei o que ho..."
cartão de crédito cancelado,cartão de crédito cancelado pois preciso muito do meu cartão sempre tive uma boa relação com a empresa sempre paguei as fatur...
Cai em um [Editado pelo Reclame Aqui] de um serviço do toldo e policarbonato,"No mês de Outubro de 2024,eu solicitei um serviço de toldo e policarbonato em Maricá. No valor de $ 5.900. Onde meu filho fez..."
Acordo não sendo respeitado,"Fiz a renegociação para por em dia meu emprestimo, foi aceita, e depositei o dinheiro na conta para desconto da entrada confo..."
Compra,"Fiz uma compra recentemente de um produto em um website e o vendedor desapareceu após a compra o pix foi de 52,77"
Boa noite! Gostaria de mudar a data do meu empréstimo.,"No dia 02/01 eu pedi para diminuir meu empréstimo, porém a data ficou último dia útil, não dá nem tempo de eu anotar as divid..."
Juros abusivos cobranças,Venho por meio desda solicitação do reclame aqui mais uma estorna minha indignação a alguns meses já que a nubank vem me co...
So me ofereceram pagamento a vista e com pouco desconto e preciso limpar meu nome urgente,"Boa noite, ja tentei entrar em contato pelo chat tanto ligando pra nubank, e nenhum dos casos os atendentes sempre recusam fa..."
Atraso nos pagamentos da fatura mensal do cartão de crédito e empréstimo.,Estou em atraso com a fatura do cartão e do empréstimo.Quando eu fiz o empréstimo eu achei que seria uma única fatura j...
"Preciso do extrato dos meses de jun, jul e agosto de 2024 da NU FINANCEIRA","Preciso do extrato dos meses de jun, jul e agosto de 2024 da NU FINANCEIRA, me informei que precisava emitir meus rendimentos..."
Cancelamento de conta indevido,"Sou cliente do Nubank há 9 anos, efetuei uma compra no cartão de crédito e precisei cancelar a compra, bloquearam o meu limit..."
Negociação de dívidas,"Estou novamente empregada e gostaria de quitar minhas dívidas de crédito e empréstimo com o nubank. Ano passado, entre outubr..."
Para mim é o o pior cartão,Para mim isso é o pior cartão do Brasil a pessoa com nome limpo com score bom e ele não aumenta o limite já faz dois anos com...
Dinheiro emprestimo nubank não caiu na minha NUBANK CONTA.,"Dinheiro emprestimo nubank não caiu na minha NUBANK CONTA. Recebi o recibo, mas o dinheiro não foi para minha conta Nub..."
Cartão de crédito cancelado,"Tinha um cartão de credito da Nubank, mas fiquei desempregada no ano de 2022. Minha Esposa, a unica que estava trabalhando, l..."
Nubank não cumpre chargeback de compras futuras,"Bom, estou a dois dias tentando falar com alguém da nubank para contestar uma compra da qual não recebi. Cada pessoa que resp..."
Cancelamento de empréstimo negado,"No dia 24/02/25 (segunda-feira)solicitei um empréstimo que estava aparecendo como pré-aprovado no meu aplicativo Nubank, Poré..."
Bloqueio Indevido de PIX,"Venho manifestar minha profunda indignação com a atuação da Nubank no bloqueio indevido de um PIX recebido no dia 13/01/2025,..."
Ligações intermináveis,"Possuo uma pequena transportadora, e infelizmente tive um caminhão meu furtado, e por consequência a queda abrupta no faturam..."
Ligações intermináveis,"Possuo uma pequena transportadora, e infelizmente tive um caminhão meu furtado, e por consequência a queda abrupta no faturam..."
"Esse caso já aconteceu pela segunda vez, primeiro em janeiro, agora no mês de fevereiro","Pela segunda vez, fiz pagamento pelo app Nubank. Esse dinheiro saiu da minha conta, porém não foi gerado comprovante e o débi..."
Cartão de crédito virtual,"Tenho limite disponível no meu cartão de crédito virtual, porém não consigo usar o mesmo. No aplicativo do banco não tem uma ..."
Cartao cancelado mesmo pago,Tivemos um problema e atrasei a fatura do meu cartão nubank consegui pagar mesmo com desconto mas paguei gostaria de ativa...
"NOTIFICAÇÃO ""RAIA DROGASIL ACABOU DE VERIFICAR SEU CARTÃO""","Recebi agora uma notificação do app da Nubank com a seguinte mensagem: ""RAIA DROGASIL acabou de verificar se o seu cartã..."
"Informei cobrança [Editado pelo Reclame Aqui] da Brasil Paralelo, mandei comprovantes, mas Nubank",Entrei em contato com o Nubank em outubro de 2024 para informar uma compra [Editado pelo Reclame Aqui] da empresa Brasil Para...
Cartão de crédito cancelado,"Tive meu cartão de crédito cancelado por falta de pagamento, já quitei a dívida e gostaria muito que vcs pudessem reativar me..."
Banco não quer cancelar a compra. E a loja não responde.,"Bom! Estou com um grande problema Dia 2/2 fiz uma compra de 129,00Porém não chegou : e a loja não atende as msg ..."
Não entregaram meu cartão,"Meu cartão foi clonado, então cancelei e pedi outro. Porém, estou esperando este outro cartão desde o dia 31 de janeiro, e na..."
Compra cancelada estorno não realizado,"Boa noite meus queridos Sou uma senhor de 79 anos, professora aposentada.Tive bastante interesse em conhece..."
Cartão,Quero cartão de crédito
Contestação demorada,"Fiz uma comprae há mandei o comprovando que a empresa estorno, já fazremoi que contestei é o nubank não fez nada"
[Editado pelo Reclame Aqui] de cartão,"Fiz um reporte para a Nubank em relação a uma compra que foi feita no meu cartão de crédito que eu não reconheço, não fui eu ..."
Antecipação do saque aniversário,"Fiz a antecipação do meu saque aniversário,que falou que cairia em 1 dia útil pra pagar uma conta!! O dinheiro não caiu..."
FUI SACAR O DINHEIRO DA MINHA CONTA E FUI COBRADA POR UMA TAXA .,Hoje ao sacar meu dinheiro num caixa eletrônico pra um assunto urgente e como meu cartão estava dando erro e precisei optar p...
Falta de respeito,Venho me por desta informar que pelaSEGUNDA VEZ a Nubank debita dinheiro da minha conta como se fosse eu q tivesse feit...
Ta dificil de me entenderem,"Abri uma solicitação para me enviarem o extrato de investimento da minha conta PJ, que por algum motivo não possuem para extr..."
Me nega limite mais oferece empréstimo,"Venho aqui reclamar da falta de compromisso com o cliente por parte do Nubank, a anos sou cliente no meu histórico jamais atr..."
Cancelaram o meu cartão sem motivos,Estou muito chateada com a nubank sempre pago certinho as faturas e muitas vezes adiantada e cancelaram o meu cartão de créd...
Clonaram o meu cartão e fizeram um pix em um valor alto,"Ontem 25/02 recebi uma notificação que tinha feito um pix no cartão de credito, para uma pessoa que não conheço. Sendo que nã..."
[Editado pelo Reclame Aqui],Sofri um [Editado pelo Reclame Aqui] de uma plataforma Leo Burnett de 630 $
Solicitei um empréstimo,Solucitei um empréstimo mandei o extrato da minha conta bancária e eles não aprovaram e ainda está disponível e não aprova qu...
Cobrança indevida,Meu nome é Michele tenho uma conta no Nubank E contratei um serviço on-line fiz uma compra on-line Me arrependi cancelei a co...
ESTAVA COMPRANDO UM CARRO,O [Editado pelo Reclame Aqui] me aplicou um [Editado pelo Reclame Aqui] dizendo que era pra mim manda o dinheiro da gasolina ...
Cobrança indevida,Olá! Na data do dia 27/11/24 a central do Nubank entrou em contato comigo me propondo um acordo onde eu pagando a fatur...
Recuperar conta,"Estou tentando recuperar a conta do meu namorado,pois ele está sem celular e não tem mais acesso ao número de telefone cadast..."
Juros absurdos e falta de negociação,Tenho uma dívida atrasada não pude pagar antes pois está desempregado Agora que posso pagar a nubank me oferece uma pro...
Não estão passando informação corretas para o meu cadastro positivo,"ou cliente da Nubank há algum tempo e sempre fui um ótimo pagador, honrando todos os meus compromissos financeiros em dia. No..."
"Cartão Virtual criado é só Débito, tendo aberto a conta com cartão de crédito aprovado.","Boa noite, basicamente o título. Acabei de criar uma conta na NuBank e liberaram R$ 600 de limite. Eu pensei em pagar algumas..."
*******,"Eu fiquei realmente sem condição de pagar o cartão, eu finalmente consegui paga cartão de crédito nubank. só que não consegui..."
*******,"Eu fiquei realmente sem condição de pagar o cartão, eu finalmente consegui paga cartão de crédito nubank. só que não consegui..."
Solicitação de cancelamento e exclusão de dados não atendida,"bri uma conta no Nubank, fiquei apenas três dias e solicitei o cancelamento da conta, bem como a exclusão dos meus dados pess..."
Relatório Banco Central,"Meu nome é Glaucia Aristides da Silva dos Anjos Estou com um prejuízo no Bacen de um acordo, acordo realizado e pago porém a ..."
Pagamento [Editado pelo Reclame Aqui]!,"Fui vitima de um [Editado pelo Reclame Aqui] de pagamentos de boletos da EQUATORIAL MA, me enviaram boletos falsos, tentei re..."
NuPay não irá te ajudar caso ocorra problemas com a compra,"Recentemente fiz minha primeira compra pelo NuPay e infelizmente tive problema com o lojista (OLX), o mesmo não me ajudou a r..."
Peço a retirada do meu CPF do registrato,"""Solicito a regularização do meu registro no Banco Central, em virtude de um acordo celebrado com o banco"""
Cancelei o APP CANVA PRO e o NU BANK continua cobrando a mensalidade na fatura PEDIDO DE CONTESTAÇÃO 96964639,"No dia 14/11/2024, cancelei minha assinatura do CANVA PRO, que havia sido feita em 12x. Apesar da confirmação do cancelamento..."
[Editado pelo Reclame Aqui] no cartão virtual NUBANK,"Em outubro de 2023 eu passei por um [Editado pelo Reclame Aqui], onde recebi uma mensagem via SMS e após isso entrei em conta..."
fiz uma compra em um site fake e não estou recebendo assistência da nubank,"fiz uma compra em um site fake de langerie, fiz por pix na nubank, estou pedindo suporte no banco para solicitar meu estorno ..."
Nubank fez uso de dinheiro não autorizado em minha conta,"Usei um limite disponível para comprar um cartão da Playstation. Antes disso, meu pai colocou 120 reais no pix para que eu pu..."
NAO CONSIGO ACESSAR APLICATIVO PARA PAGAR FATURA,"Prezado atendimento, estou tentando pagar a fatura, ja enviei 6 emails e agora so existe resposta automtica. Eu NAO CON..."
Cancelamento de produtos,Hoje a noite recebi a mensagem da Nubank que minha conta estava em análise por dados cadastrais e/ou [Editado pelo Reclame Aq...
Cartão,Quero cartão de crédito solicitei com outro e-mail e meu cpf é*******
Minha filha não consegue acessar a conta dela,Minha filha é vdd embora e ela n está conseguindo entrar na conta dela
"Cobrança indevida, falta de suporte da Kirvano e descaso do Nubank","Fui vítima de uma cobrança indevida no meu cartão de crédito, referente a um produto da Kirvano que não adquiri. Assim que pe..."
Almento de limite,Queria um almento no meu limite mais de anos esperando um limite .
[Editado pelo Reclame Aqui],"Boa tarde eu entrei num site de empréstimo , e fui fazendo oque pediram aí começaram a me manda uns valores eu fiz o pagament..."
Falta de Acessibilidade e comunicação: Reativacao Credito,Sou usuaria do Nubank desde 2017. Sou uma pessoa surda e sempre estou movimentando minha conta financeira. Se analisarem meu ...
Cobrança indevida sem comprovante,O aplicativo simplesmente desconta toda mesmo uma compra minha tanto no débito quanto no crédito e eu já tentei de todas as f...
Reembolso do saldo da minha conta,Minha conta foi bloqueada e ficou Saldo na conta ainda e eles estão me enrolando faz dias já que vai mandar pra outra conta e...
Reembolso,Vcs mim pediu pra colocar 200 reais pra aplicar como crédito depois que comprei e paguei vcs cancelar meus créditos e seguro ...
"Cartão de Crédito pago, porém bloqueado","Fiz o pagamento da minha divida em meses, e não tive o retorno da opção crédito, mesmo fazendo transferências com o banco."
Uber empresa,Fiz uma viagem com a Uber . Domingo dia 09/02 com o motorista Osvaldo .Do shopping Moxuara ao CTF .A viagem ficou por dezesse...
Pouco limite,"Tem mais de anos e anos que tenho a conta da Nubank usando apenas essa conta para todos os tipos de pagamentos, sempre a anál..."
Tentativa de renegociação,"Tenho uma dívida atualmente de 2165,90 de duas faturas atrasadas. Por imprevistos financeiros não consegui adimplir, mas gost..."
Cancelamento,Sempre mantive minhas contas pagas em dia e tive um imprevisto de saúde que resultou em um atraso pontual no pagamento do meu...
Cartão de crédito cancelado,"Meu cartão de crédito foi cancelado eu gostaria de ter ele de volta, quitei todas as pendências dele e meu score está ótimo. ..."
Reativação do cartão bloqueado,"Eu tinha meu cartão do Nubank de 4 mil e pouco, perdi meu cartão, fiz boletim de ocorrência e com esse problema tive um atras..."
Não consigo utilizar o nubank,Tenho conta no nubank e não consigo pagar minha fatura do cartão de crédito e não consigo utilizar o saldo que tem na minha c...
Falta de retorno sobre contestação de Pix Parcelado não autorizado,Venho por meio desta solicitar um posicionamento urgente em relação à contestação de um Pix Parcelado não autorizado realizad...
Falta de retorno sobre contestação de Pix Parcelado não autorizado,Venho por meio desta solicitar um posicionamento urgente em relação à contestação de um Pix Parcelado não autorizado realizad...
Cartão de crédito cancelado,Peguei um empréstimo de 500 reais na Nubank e não paguei metade pós minha condições não estava boa e quando abriu uma promoçã...
Não tenho limite,"Venho aqui deixar minha reclamação pois tem mais de 1 ano que tenho o cartão de crédito, e até hoje vocês só tiveram a corage..."
Compra online não identificada,Cancelamento de compra online não identificada feita com cartão virtual no site sephora dotcom no mês de Janeiro. Eu Mateus A...
Reembolso,Minha reclamação na Latam foi direcionada pra vocês. Então segue relato:Comprei uma passagem para Lima em d...
[Editado pelo Reclame Aqui],"Requerimento Administrativo ao Nu Pagamentos S.A.AO NU PAGAMENTOS S.A.Prezados Senhores,..."
Emprestimo,"Fiz um empréstimo com garantia só que agora eu tenho 1400,00 reais e meu empréstimo e de 1100,00 e está tudo bloqueado um abs..."
Cliente fraudador de IPVA,"FRAUDADORES CLIENTES DO NUBANK NOME : 59 526 649 LtdCNPJ 59 526 649/0001-93VALOR R$ 480,91..."
Nubank se recusa a oferecer negociação justa antes do vencimento da dívida,Estou tentando renegociar minhas pendências no cartão de crédito Nubank antes mesmo do vencimento da fatura...
JUROS ABUSIVOS NA NEGOCIAÇÃO,"Possuo um cartão de crédito da Nubank desde 2018 e recentemente me enrolei financeiramente. Estava com a fatura parcelada, e ..."
